id,source,url,timestamp,title,text,retrieval_related,incident,what_remember,what_missed,emotion
play_701be20a-1dc5-4229-8a19-1c5a1c41915d,play_store,https://play.google.com/store/apps/details?id=com.google.android.apps.photos&reviewId=701be20a-1dc5-4229-8a19-1c5a1c41915d,2024-11-08 10:33:04,,"I'm not the biggest fan of folders being on a second page, separated from the first page which only shows camera roll photos. And for some reason, I can't delete photos anymore? It just pulls up an infinitely-looping circle of doom and does nothing. Strange stuff. Otherwise, the app has amazing features that I really enjoy. I love that I can order photos through the app. While I haven't used it yet, I certainly plan to! Altogether, I really just use the app became it came pre-installed.",,,,,
play_84e83740-a53a-447e-930c-055bc5841f1d,play_store,https://play.google.com/store/apps/details?id=com.google.android.apps.photos&reviewId=84e83740-a53a-447e-930c-055bc5841f1d,2024-09-24 14:29:34,,"Within the last 48 hours, I've probably uninstalled and reinstalled this apt close to 10 times. When the app finally backs-up photos, it's missing some (photos that are in my albums on my phone aren't showing up in app). Also when I click on a photo in the app, it opens a different picture. I'm thinking to uninstall app entirely. You'd think Google, of all software out there, could get this right!",,,,,
play_3d80bfdb-7b6f-4b5a-9b8c-3a89bb90615d,play_store,https://play.google.com/store/apps/details?id=com.google.android.apps.photos&reviewId=3d80bfdb-7b6f-4b5a-9b8c-3a89bb90615d,2024-12-05 07:26:25,,"I HATE the new organization of Collections. Now I have to click through multiple menus to find my folders, it takes longer and I don't want or need it. I also wish I could default to open on my Device folders which is what I use the most. I do not care about Memories. I hate the pop-ups that constantly ask me to back up my photos (which I do not want to do). This app gets worse and worse with every update. At least allow us to customize our default view! Please!!",,,,,
play_a8baa4ed-4a81-4512-8568-65e232918f41,play_store,https://play.google.com/store/apps/details?id=com.google.android.apps.photos&reviewId=a8baa4ed-4a81-4512-8568-65e232918f41,2025-08-04 23:38:03,,"Your last update is terrible. You removed the blur option which was AMAZING for blurring the background of my photos of flowers. The flowers would just pop with a heavy blur. The portrait blur is not nearly as good, especially when I use blur and depth to get my flowers to look how I want them to. It DOES look good, but when I save it, the blur almost disappears. Your ""upgrade"" is really a downgrade.",,,,,
play_952c0cd3-9c2f-4d42-9f5f-ef599cbb882a,play_store,https://play.google.com/store/apps/details?id=com.google.android.apps.photos&reviewId=952c0cd3-9c2f-4d42-9f5f-ef599cbb882a,2025-08-12 10:56:29,,ugh! what have you done to the editing controls!! get rid of the inefficient and inaccurate AI garage and bring back the custom controls that let me rotate and keystone and crop! AI framing isn't even close to correct! and the manual controls are now so limited I can't even select the correct borders or rotate correctly. the old controls were so much better! one click would pretty closely grab the correct outline and then I could tweak. not anymore!!!,,,,,
play_dc40fa6f-05fe-43fa-8899-2f48bfa5ee59,play_store,https://play.google.com/store/apps/details?id=com.google.android.apps.photos&reviewId=dc40fa6f-05fe-43fa-8899-2f48bfa5ee59,2025-10-15 23:45:29,,"This app is practically unusable anymore. The search engine doesn't ever freaking work when trying to find a specific photo, Even on Wi-Fi the page loads slow when trying to find a picture(Or doesn't load at all), It still doesn't have an option to where it can just save all of your photos/videos into albums without having to manually create them again. I'm only giving this 2 stars because it's one of the only ways that I know to backup my device photos without having to use a PC.",,,,,
play_e48f580e-9687-4819-ada1-9814a4131e2b,play_store,https://play.google.com/store/apps/details?id=com.google.android.apps.photos&reviewId=e48f580e-9687-4819-ada1-9814a4131e2b,2026-02-17 22:18:40,,"Service has steadily declined for years now. Lots of features just completely don't work, for example saving a new frame from a motion photo. They removed the ability to search your photos if they aren't backed up. The cherry on top is recently they added an effect to your memories so that a large number comes in and shows you how many years it's been, unfortunately this new effect has ruined to quality of every single photo it shows. I really don't know how some of this leaves beta.",,,,,
play_03c31111-f677-4bdf-a337-354076db33ee,play_store,https://play.google.com/store/apps/details?id=com.google.android.apps.photos&reviewId=03c31111-f677-4bdf-a337-354076db33ee,2024-08-19 17:57:10,,"the new update makes zero sense, I likes it where I was able to just watch all my albums in one go, instead now it's all folder inside of folder?! I have bad memory and can't always remember if I've backed up a photo already, or if it's still on my device, not to mention now there's a pets and people tab, which you'd think would be nice, but no! I get constant reminders of people I don't want to see anymore with photos I thought were gone! thanks a lot Google, and not in a nice way!",,,,,
play_1763fba6-d23e-44ce-86c5-199ccd98a3e8,play_store,https://play.google.com/store/apps/details?id=com.google.android.apps.photos&reviewId=1763fba6-d23e-44ce-86c5-199ccd98a3e8,2025-09-30 19:34:26,,"Since the update, I can't choose separate photos for my lock screen wallpaper or main wallpaper. There is only an option for ""wallpaper"" now, which stretches and distorts the photo to fit the size of the screen! Also in order to continue editing a photo, I have to revert back to the original and edit all over again! Please go back to the original options; why do companies feel the need to constantly change everything every couple months, and not to their users' preference?? So frustrating!",,,,,
play_9915bc29-b7bd-424c-b78d-2ab6b6b78a0b,play_store,https://play.google.com/store/apps/details?id=com.google.android.apps.photos&reviewId=9915bc29-b7bd-424c-b78d-2ab6b6b78a0b,2025-05-29 02:45:16,,"i really don't like this app. i don't like the 'moments' it randomly creates that can't be turned off. i don't like that albums aren't on the same level as the default categories (for example if you take a photo from the downloads category and put it in an album it still exists in the downloads category.) i don't like the facial detection grouping, it rarely works and just adds to the already messy layout. i could say more but i'm running out of characters.",,,,,
play_fb853800-f7d4-4c6c-aa94-30548f6bfa21,play_store,https://play.google.com/store/apps/details?id=com.google.android.apps.photos&reviewId=fb853800-f7d4-4c6c-aa94-30548f6bfa21,2025-09-17 17:37:09,,"this app used to be perfect, but the quality has gone downhill. the new ai search rarely finds the photos i want in comparison to the old search where i'd find my photos every time. there's also a recent bug where adding photos to an album sometimes creates duplicates, and they are really hard to get rid of. it seems to be related to a delay when pressing the button to add a collection of photos, sometimes this hangs for like 10 seconds and i think if i press it twice i get duplicates.",,,,,
play_7ad38161-0e65-4b4d-88e2-f8e58a595783,play_store,https://play.google.com/store/apps/details?id=com.google.android.apps.photos&reviewId=7ad38161-0e65-4b4d-88e2-f8e58a595783,2026-09-15 09:55:04,,"This is a terrible app. Yet another example of Google hiding basic functionality and usability from their users, whom Google clearly doesn't care for. Prime example: a photo's details used to be easily available, from a simple menu selection, but aren't any more. And no, the swipe up doesn't bring the details up. Just looking to use my phone, Google!",,,,,
play_e256d158-e722-4224-8f37-e4da18ac4e72,play_store,https://play.google.com/store/apps/details?id=com.google.android.apps.photos&reviewId=e256d158-e722-4224-8f37-e4da18ac4e72,2026-09-17 20:24:06,,"The widget has no album option. it kind of feels like a major oversight because it seems like the most obvious option, but for some reason you're not really given any control of the photos that go up other than faces and moments. Both of those you don't really have the most control over and are curated for you. It's also strange because they don't even have the second obvious one, Favorites.",,,,,
play_d6276e7a-5d2b-4533-ac69-4242148d9e22,play_store,https://play.google.com/store/apps/details?id=com.google.android.apps.photos&reviewId=d6276e7a-5d2b-4533-ac69-4242148d9e22,2026-09-03 04:25:39,,"Photos used to be the perfect photos app. it had the best search funding of any app. I used to race iphone users to see how far we could find the same photo and I always won. Now this near perfect search function has been replaced by AI, which not only doesn't return the photos I'm looking for, it actually acts as a stumbling block to me finding them. It's slow and inefficient. Another perfectly good tool ruined in the name of trying to convince us that AI is inevitable.",,,,,
play_be430887-186c-448a-9e15-c01d77128978,play_store,https://play.google.com/store/apps/details?id=com.google.android.apps.photos&reviewId=be430887-186c-448a-9e15-c01d77128978,2026-09-16 00:52:25,,"Not intuitive for digital art, which most of my pictures are. The Memories and Face Recognition and such only pay attention to the (very few) actual photos and thus are not helpful. AI tools are trash. If this app wasn't conveniently synced to my Google account I would uninstall and find something else. Also, make the ""folders"" button easier to get to, and then STOP MOVING IT AROUND! And stop rearranging the order of the *comic panels* in my *album*.",,,,,
play_d744d3fa-74ab-4515-96e7-4f0a0e1518f9,play_store,https://play.google.com/store/apps/details?id=com.google.android.apps.photos&reviewId=d744d3fa-74ab-4515-96e7-4f0a0e1518f9,2026-09-11 14:18:47,,"why would you take away the ability to share multiple photos at once? I had to send 10 separate emails, with one photo attached a piece, because you took the ability to share multiple photos away! Such a stupid change. In response to Google. No you can not. when you click on a single photo now, you get a share button, if you select multiple photos, the share button is no longer there after the update",,,,,
play_3a3a8915-8a45-4e12-9ebc-4219c284dd76,play_store,https://play.google.com/store/apps/details?id=com.google.android.apps.photos&reviewId=3a3a8915-8a45-4e12-9ebc-4219c284dd76,2026-08-22 23:18:16,,"Even with the latest updates, it would not let you edit or add location to the backup photos. Some of the photos detected the wrong person or pet or face, and again, it would not let you edit with correct categories. There are many little things like that they need to be more detail oriented when they come out with new/update version.",,,,,
play_8457344b-60bb-46aa-bfe6-533241125099,play_store,https://play.google.com/store/apps/details?id=com.google.android.apps.photos&reviewId=8457344b-60bb-46aa-bfe6-533241125099,2026-09-16 08:51:07,,"this app worked great until recently. now anytime I crop or edit a picture in anyway, it no longer shows up on my camera, recent photos, or any other album in other apps to post. I thought it was a Facebook issue but as it turns out the photos no longer show up on fb, Lightroom, Vinted, eBay, etc. which is pretty inconvenient if you want to post something. none of the recent updates have fixed this issue. before it was a 5/5 now it's a 3/5 please fix this bug!",,,,,
play_ab69ac77-f26a-41bf-a21b-745e3b9233c8,play_store,https://play.google.com/store/apps/details?id=com.google.android.apps.photos&reviewId=ab69ac77-f26a-41bf-a21b-745e3b9233c8,2026-09-15 03:29:24,,"just leave it alone already. key moments, sticker suggestions, random photos bigger in the grid, notifications. like, dude, this is a photo gallery. not social media. store the photos, display the photos, and then leave me alone. look, go ahead, try stuff out, whatever. at least give me a toggle so i can turn this nonsense off. you harvest every byte of data from every human life and NONE of it shows that you guys are ruining things? seriously, just stop. it was fine as it was YEARS ago.",,,,,
play_8cd47a60-2e99-4ec9-b1ca-f89be9835135,play_store,https://play.google.com/store/apps/details?id=com.google.android.apps.photos&reviewId=8cd47a60-2e99-4ec9-b1ca-f89be9835135,2026-09-16 12:38:06,,"I have issues uploading pics to an app, if I edit the image at all (for example, I'll take a pic and my phone likes to rotate it the wrong way) I'll rotate the image upright, but if I do that, it wont upload to the app I use for work. My workaround has been to screenshot that image, then for whatever reason, it doesn't care that I edit THAT image. I can crop, mark-up, etc and it'll upload at that point. App is Service Titan (Field).",,,,,
play_b934cebf-2e49-4650-8f85-09e2ed712418,play_store,https://play.google.com/store/apps/details?id=com.google.android.apps.photos&reviewId=b934cebf-2e49-4650-8f85-09e2ed712418,2026-08-23 06:45:43,,App freezes/crashes every time I go into collections. it's nearly completely unusable. I went online to find help and it's an issue other people are having but there's no workable solution and doesn't seem to be widespread enough to hope for a patch. I tried emailing the support email listed in the play store but it isn't monitored anymore because google doesn't care about users on its free services. I have tried everything I can think of but nothing helps.,,,,,
play_6dbbe3c7-21d6-4e60-9cab-a0321bcecade,play_store,https://play.google.com/store/apps/details?id=com.google.android.apps.photos&reviewId=6dbbe3c7-21d6-4e60-9cab-a0321bcecade,2026-08-22 01:47:13,,"Fix Google Photos, PLZZZZ! It used to be my favorite, GO TO for photos until a few weeks ago. I'm an artist, photographer, and major ADHD - I have come to rely on GP so much it's almost 2nd skin, and saved me so much time & hassle.Now, I can't even find all of my photos, albums, etc. Most 🤬 is not being able to just pull up a photo and attach or insert anywhere. Just spent over 1 hr trying to find a photo I had taken of an order that the seller asked for me to upload a pic. (Still can't)",,,,,
play_3a174791-a030-4f27-9ae5-5f43a6778260,play_store,https://play.google.com/store/apps/details?id=com.google.android.apps.photos&reviewId=3a174791-a030-4f27-9ae5-5f43a6778260,2026-07-10 23:17:29,,"Why can I download some stuff and other stuff, no. It'll just say downloading when I click on it but nothing. Sometimes I'll get a notification like 30 minutes later saying unsuccessful but it's completely random. I don't know why, there's no clues. it's annoying as hell. It can be the same batch of videos from the same day of the same thing, same album. Let's say out of 10, only 7 will download. The others are in some weird download purgatory. At least on mobile.",,,,,
play_5588dac1-6b61-46ea-8d37-2871a28182c5,play_store,https://play.google.com/store/apps/details?id=com.google.android.apps.photos&reviewId=5588dac1-6b61-46ea-8d37-2871a28182c5,2026-08-20 09:22:11,,"This app continues to get enshitified. In 2026 I thought I could send an album to Google photos without any issues but that's not supported. Instead, I selected each individual image and uploaded them thinking they'd be easy to find under recently uploaded. They were not. They were mixed in with my thousands of other pictures, which I'm obviously not going to look through. I'm just going to use another platform to make an album in the cloud. Crazy Google photos can no longer do that with ease.",,,,,
play_37aa9ab3-cd5c-402a-99e1-bd592005552b,play_store,https://play.google.com/store/apps/details?id=com.google.android.apps.photos&reviewId=37aa9ab3-cd5c-402a-99e1-bd592005552b,2026-07-14 07:09:55,,"In the more section of the app, I can no longer send, print, email, etc. I have tried everything. Every time i download photos from google messages, it doesn't go in the same day I downloaded it. It downloads whatever month or year they took the photo, which is annoying. It takes take me forever to find it. Every update it gets worse. Are you listening to what people are telling you. Stop sending us links to try to fix the problem you caused. That's what you get paid for.",,,,,
play_897711fc-0fb7-457a-b392-0328fce5eb82,play_store,https://play.google.com/store/apps/details?id=com.google.android.apps.photos&reviewId=897711fc-0fb7-457a-b392-0328fce5eb82,2026-08-04 20:00:19,,"Every update the app gets worse and worse. The options less and less. And AI slop more and more. I can no longer assign faces, the primary reason I enjoyed the app. Oh but I can steal art styles from hard working artists and make a lifeless recreation of an important moment. Gee. Thanks. -_- --- I wish I had the option to delete the photos in the archive suggestions rather than have to dig around and find them and delete them. I also wish there was a way to delete duplicate images.",,,,,
play_d4b8dd23-bb7f-491f-af95-99c45eb8d540,play_store,https://play.google.com/store/apps/details?id=com.google.android.apps.photos&reviewId=d4b8dd23-bb7f-491f-af95-99c45eb8d540,2026-08-06 04:00:50,,"This app DOES NOT duplicate photos, so if you plan on keeping your photos in the original app you were using, you won't. All of my albums are missing photos because they were taken and placed into google photos, once restored all the photos are mixed together. Also when the photo is ""stacked"" it only restores one photo. I have over 7,000 photos I was transferring and now everything is so disorganized and there's no easy way to fix it without spending hours trying to figure it out. I am so upset!",,,,,
play_f56fd34f-8245-4e94-a3af-4bd90de0c3f5,play_store,https://play.google.com/store/apps/details?id=com.google.android.apps.photos&reviewId=f56fd34f-8245-4e94-a3af-4bd90de0c3f5,2026-08-19 02:26:17,,"Just Terrible for the Users. No adjustments can be made for my convenience. It's the Apps way or No Way! can't delete from Google storage from the app, and just a crazy incomprehensible organization of photos and videos. This is what happens in Monopolies. They only care about franchising your data, not catering to your needs. ask yourself, when was the last time this app made finding my pics easier without paying a privacy price? Never is my answer.",,,,,
play_7dea5b50-a77c-4e60-bfcd-309acf1ece34,play_store,https://play.google.com/store/apps/details?id=com.google.android.apps.photos&reviewId=7dea5b50-a77c-4e60-bfcd-309acf1ece34,2026-08-13 06:43:56,,"My photos are disappearing. I've been using Google Photos for years and even bought extra storage, but for the past four months, I've regretted not just getting a flash drive instead. Many of my photos have vanished, including ones that were very important to me and my family. It's particularly upsetting regarding photos from when my children were younger. Given all the issues with these companies, including their hacks and overall practices, this situation is really frustrating.",,,,,
play_f9a22bcf-8b9b-41ad-89f7-a9294e2d8817,play_store,https://play.google.com/store/apps/details?id=com.google.android.apps.photos&reviewId=f9a22bcf-8b9b-41ad-89f7-a9294e2d8817,2026-08-17 00:49:59,,"I'm so flipping frustrated, every time I take a photo a little too similar to the last one or hold down the button, it stacks them. And every time I look for a button to unstack it, I can either never find it or it doesn't exist. it takes up so much storage; Please fix this, I press every button on that photo, and even the stack itself and I can't fix it. Also, I just don't want the usage of ai on a photo app, it's unnecessary and I wish I could disable it.",,,,,
play_a0242a34-e754-4cf6-b96f-aea164a2118e,play_store,https://play.google.com/store/apps/details?id=com.google.android.apps.photos&reviewId=a0242a34-e754-4cf6-b96f-aea164a2118e,2026-09-01 06:54:16,,"So annoying!! Yes I know I'm out of storage. The app completely inundates you with annoying popups, reminding you that you're out of storage, making it impossible to actually, you know, clean up space. I'm going to download all of my photos and videos off of your service, delete the app and never use it again because you annoyed me so much",,,,,
play_b83d8437-28ca-4f9d-a453-36dd41556022,play_store,https://play.google.com/store/apps/details?id=com.google.android.apps.photos&reviewId=b83d8437-28ca-4f9d-a453-36dd41556022,2026-09-07 08:45:28,,"The photos aren't lost, they are 6 yr old photos that are present in the Google Photos Cloud. I restored them to a phone so I may edit them and use them. Restored images are sitting on their original calendar dates instead of the top. How can you expect anyone using a photo editing app or other app to spend time scrolling through 2026 to 2020 images when they have a lot of images? It never used to be like this. Your links are not relevant to the issue. Something changed on the backend. Thanks",,,,,
play_180baa76-e72d-41c1-b403-a02aecfaeb35,play_store,https://play.google.com/store/apps/details?id=com.google.android.apps.photos&reviewId=180baa76-e72d-41c1-b403-a02aecfaeb35,2026-08-30 20:13:07,,"I am paying for Google photo storage for 3TB.... yet there is no customer support to help you when the features don't work. I finally got all my photos uploaded and the face recognition stopped working. it does not see that there is even a face....and when it does, it is not automatically tagging a person. I have face groups turned on, I have cleared the cache, and sent feedback multiple times with requests to email me to troubleshoot.... but I get no help.",,,,,
play_24478ad8-ae32-4f50-8f3f-d98b5f706357,play_store,https://play.google.com/store/apps/details?id=com.google.android.apps.photos&reviewId=24478ad8-ae32-4f50-8f3f-d98b5f706357,2026-07-08 17:02:15,,"Photos is forcing AI generated ""creations"" that use your photos. If you want to use the image search and ask questions about pictures, you have to have this enabled. There is no way to disable it. I have turned everything off except the AI itself so I can still image search, but it is analyzing my photos without me telling it to. And it's generating extremely ugly AI images and pinning them at the top of my gallery in giant tiles that can't be hidden... Yet another awful addition in a long line.",,,,,
play_251ae6e9-ec6b-4aa6-94d1-e7821b4319a8,play_store,https://play.google.com/store/apps/details?id=com.google.android.apps.photos&reviewId=251ae6e9-ec6b-4aa6-94d1-e7821b4319a8,2026-08-24 02:27:01,,"Changes in app aren't reflected in Google photos on desktop. I only used the app because I can't see stacks of photos in the browser version. I thought this would be a good way to find and remove duplicate photos, since Google still does not have a duplicate removal tool. (I assume that this is because they want us to waste space in our accounts, so we have to pay for it.) After using the app on my Chromebook, I was disgusted to find that none of the photos I'd removed had actually been deleted.",,,,,
play_53fae642-5f20-4d3d-bd1d-4e2f123031f6,play_store,https://play.google.com/store/apps/details?id=com.google.android.apps.photos&reviewId=53fae642-5f20-4d3d-bd1d-4e2f123031f6,2026-07-21 05:12:18,,"The app is absolute garbage. Apparently it saves your files to the cloud and when you remove them, the files are also removed from your device. and Google purposefully made it so that no contact could be made with them directly for this issue or really any issue. i keep getting notified about the storage from Goodle being low and that the options are to remove files or to pay for more storage. To basically continue to send or receive emails.",,,,,
play_fe4934a1-2aba-4ab4-ba49-4840347481d4,play_store,https://play.google.com/store/apps/details?id=com.google.android.apps.photos&reviewId=fe4934a1-2aba-4ab4-ba49-4840347481d4,2026-07-06 15:33:04,,"First of all, when people write a review, they are looking for a solution, not for an evasive reply (""yea, yeah, whatever. Next!) Your app has basically hijacked my pictures. Every time I open it, it will give me a screen telling me to continue using the arrange my photos by face group, or something like that. No opportunity is provided to ""proceed"" or ""decline"" this feature. Basically, I no longer have access to any graphic information that was created, copied, downloaded, or produced.",,,,,
play_f97721a8-d277-4db3-a241-bb0d27722830,play_store,https://play.google.com/store/apps/details?id=com.google.android.apps.photos&reviewId=f97721a8-d277-4db3-a241-bb0d27722830,2026-07-30 02:04:10,,"Why have thumbnails of different sizes for photos. I dictate which of my pics are important, NOT Google. Even then, I want an easily browsable system, not a social media wannabe with useless ""Remix"" and ""Memories"" features. Just be the damned file system you are supposed to be. Can't even swipe to select multiple anymore. Also, there is not an option to have your photos ONLY on device. No, I don't need to pay for more Google One storage when my phone has 300 free gigs left for photos and videos.",,,,,
play_9f712c43-3f31-42fd-a5e0-ab9faba6c0c6,play_store,https://play.google.com/store/apps/details?id=com.google.android.apps.photos&reviewId=9f712c43-3f31-42fd-a5e0-ab9faba6c0c6,2026-07-20 09:25:18,,"It's mostly good but some photos don't have my face highlighted or those of other ppl. There's no way to manually add a face so when I go to look up pictures of myself for sharing, etc. those photos aren't available and I have to scroll to find them if I don't know the date. Very inconvenient. Pleeeeeease add a manual face adding option.",,,,,
play_a5111630-c168-4497-bb97-e68c156cf5d7,play_store,https://play.google.com/store/apps/details?id=com.google.android.apps.photos&reviewId=a5111630-c168-4497-bb97-e68c156cf5d7,2026-07-03 05:35:22,,"I don't know how this hasn't been addressed yet, but there has to be a way to stop the little motion preview you get while swiping through motion photos!!! Even with autoplay motion toggle off, there is still a second long preview of the motion in the photo for some reason! It's frustratingly annoying! Especially when trying to swipe through and compare multiple similar photos to see which ones are best, its so jarring that you can't even see the differences fast enough because of the motion!",,,,,
play_9d8eed89-ea41-452e-a4b9-b9d406751b92,play_store,https://play.google.com/store/apps/details?id=com.google.android.apps.photos&reviewId=9d8eed89-ea41-452e-a4b9-b9d406751b92,2026-07-29 07:32:15,,"along with the Constant bugs I have with the phone in general, pixel 10 pro XL, now I can't even crop an image without the app shrinking the image to the point I can barely see it, then when I take my finger off the screen, it jumps back to the original size and the edit is completely wonky. I thought Google was supposed to SET the bar for Android phones, not cause people to switch OS entirely. 👍 edit: you can pass the feedback along to the teams. It's literally your job. 🫡",,,,,
play_ed2a682b-89da-42b1-b8ed-6654128b9c58,play_store,https://play.google.com/store/apps/details?id=com.google.android.apps.photos&reviewId=ed2a682b-89da-42b1-b8ed-6654128b9c58,2026-07-11 14:49:48,,"Google photos is the only option my phone came with. It's been fine until this last update. Before the last update, when you opened the app your photos would be shown by month/year taken so you only needed to scroll down to see older ones. It was easy and organized. With the new update, the organization is gone. All photos/videos are now shown in a haphazard mess. Sad. This app came with the phone and cannot be deleted and replaced.",,,,,
play_dd2bf465-6730-453f-a9a7-4ce094fcd0db,play_store,https://play.google.com/store/apps/details?id=com.google.android.apps.photos&reviewId=dd2bf465-6730-453f-a9a7-4ce094fcd0db,2026-07-11 03:08:46,,"New: ""Deleting from device"" even though it is backed up just deletes it from my photos. No longer showing any of my older photos that are stored in the cloud, but my ""best of"" highlights end up showing more than the photos that are showing up. View day on said highlights lead nowhere. I have paid for extra storage for years to be able to access these files whenever but am no longer able to do so. New update has not fixed any of these problems, nor has the advice given in the reply.",,,,,
play_2865fbd1-e82d-4490-a7d9-5f4df1482d6d,play_store,https://play.google.com/store/apps/details?id=com.google.android.apps.photos&reviewId=2865fbd1-e82d-4490-a7d9-5f4df1482d6d,2026-08-09 05:18:51,,"Search doesn't work like it used to, so it kind of makes this app worthless to me! With nearly 60k photos I can no longer search for SOME family and friends names in label descriptions I've make over many years, very frustrating. I've contaced google and they cannot find a resolution! Oh, and also something new, the app actually erases what I type on the description! I have to remember to copy text so I can cut and paste, or I have to retype everything!",,,,,
play_94398424-9836-46c5-9cf3-c01e2a54fb82,play_store,https://play.google.com/store/apps/details?id=com.google.android.apps.photos&reviewId=94398424-9836-46c5-9cf3-c01e2a54fb82,2026-08-17 02:41:34,,"What have you done to this app? I noticed that a couple of my album covers have been changed; not by me, and the simple instructions for changing album covers seem to have disappeared. The instructions for changing wallpaper remain; thankfully you haven't seen fit to change that unasked. Another case of it's not broken, so let's break it?",,,,,
play_ee28a1ec-5357-4148-9cda-dd5a36a0197e,play_store,https://play.google.com/store/apps/details?id=com.google.android.apps.photos&reviewId=ee28a1ec-5357-4148-9cda-dd5a36a0197e,2026-07-27 13:36:59,,"Been steadily getting worse for years, dressed up as being smarter. Any setting I choose or directive I issue I mean absolutely unconditionally, but the app invents ""but I know better"" options. To be clear, devs — on a roaming mobile network of bad quality with 3% battery at silicon-melting temps, if I say to backup a 1TB file now, I mean fully saturate my upload bandwidth immediately and until the phone is dead, even if it's dead forever by my choices.",,,,,
play_63861361-6d1c-42f8-845c-0b61126bcd93,play_store,https://play.google.com/store/apps/details?id=com.google.android.apps.photos&reviewId=63861361-6d1c-42f8-845c-0b61126bcd93,2026-08-15 03:45:14,,"God, I Wish there was another app I could use as my primary. This has got to be THE MOST USELESS photo managing app I've EVER seen. It needlessly splits photos up arbitrarily between seperate albums in a seemgly random order, asks me if I want to backup my photos and MANY other popups that a photo app doesn't need, EVEN AFTER SAYING NO EVERY TIME, like, I JUST want to look at my photos- nope. popup. I want to see ALL my photos? nope. randomly split between 5 seperate albums. why? who designed it",,,,,
play_3f7a2f62-b720-437e-bdd3-bc769e884f64,play_store,https://play.google.com/store/apps/details?id=com.google.android.apps.photos&reviewId=3f7a2f62-b720-437e-bdd3-bc769e884f64,2026-08-07 10:13:31,,"Google Photos is and always has been a very great tool for managing your photo gallery and syncing it between devices. However, I'm not super fond of the AI stuff everywhere. I wish there was an opt-out toggle. If I want AI to edit my photos, I'll go to the Gemini app for that, not Google Photos, because AI doesn't belong there.",,,,,
play_94ec4722-0e09-4ffc-a0ee-ca9d1318e19c,play_store,https://play.google.com/store/apps/details?id=com.google.android.apps.photos&reviewId=94ec4722-0e09-4ffc-a0ee-ca9d1318e19c,2026-08-07 09:49:30,,I have a problem. in the app it only shows about 1/20 of the photos and videos I actually have. buy if I go to photos in a browser it shows all of them.. this has been happening for years. I don't know how to fix it. all emails and feedback are disregarded or are ignored completely. so ive started using terracotta. one terabytes of storage free.,,,,,
play_023f6474-8096-4e7a-8e95-f2aa44ce3699,play_store,https://play.google.com/store/apps/details?id=com.google.android.apps.photos&reviewId=023f6474-8096-4e7a-8e95-f2aa44ce3699,2026-08-16 06:42:07,,"It has great features but after years of allowing us free storage when uploading in storage saver mode, they changed their policy and I'm out of storage. It feels like they intentionally did this after first trying to hook us and this idea turns me away from wanting to give them my money for more storage (which I imagine would run out pretty quickly).",,,,,
play_8b3d52d9-1f52-4d33-91a3-5f9b5d231046,play_store,https://play.google.com/store/apps/details?id=com.google.android.apps.photos&reviewId=8b3d52d9-1f52-4d33-91a3-5f9b5d231046,2026-06-10 06:10:06,,"Meh. Adequate, at best. Easier to do things with your photos via website - and even then, it ain't great. Tools are not consistently available for all images. App is best for image storage and retrieval. Don't try to do anything fancy, or beyond basic. And ordering prints?! LOL. Your options for cropping, adjusting anything are WOEFULLY limited. Disappointing.",,,,,
play_6b438f8a-e4b8-4591-a1f9-6940bb7feda2,play_store,https://play.google.com/store/apps/details?id=com.google.android.apps.photos&reviewId=6b438f8a-e4b8-4591-a1f9-6940bb7feda2,2026-04-17 22:53:08,,"the widget doesn't let you pick albums or favorites. only people+pets and memories. but just because I took a picture of my fridge so I could use it at the grocery store, or notes so I could keep them for later, doesn't mean I need them in ""my memories""? I take pictures of documents too. but with this widget it'd be on full display at some point. I can't use it. Google it can't be that hard to change that. it's useless with ""my memories"" showing random photos, including things I DONT WANT SHOWN",,,,,
play_2e10c1cb-9f59-4fad-ab5e-fae1cd70c6e4,play_store,https://play.google.com/store/apps/details?id=com.google.android.apps.photos&reviewId=2e10c1cb-9f59-4fad-ab5e-fae1cd70c6e4,2026-06-01 09:57:35,,"Rating: ⭐☆☆☆☆ A Total Storage Trap! They makes it incredibly easy to upload your photos, but the moment you hit your storage limit, it becomes a total nightmare. ​They essentially force you to delete your pictures one by one, making it impossible to easily clean out your account or manage your files in bulk. It feels like a trap designed to frustrate you into paying for more space. ​Do yourself a favor: skip the cloud headache and just buy an external hard drive on Amazon.",,,,,
play_b14a2c66-405b-4d6a-aca9-17666a6de4b6,play_store,https://play.google.com/store/apps/details?id=com.google.android.apps.photos&reviewId=b14a2c66-405b-4d6a-aca9-17666a6de4b6,2026-05-13 08:33:46,,"Forcing a multisized photo layout is the most insane design choice I've seen from google in a long time. I want to be able to view my photos in order, which requires them to be the same size. This isn't a social media page, it's a personal photo gallery. I don't want to be forced to have it look ""aesthetically pleasing"" (which it is not...) when I really just need functionality.",,,,,
play_08b61dd3-410c-4f19-9678-5f89aff9374c,play_store,https://play.google.com/store/apps/details?id=com.google.android.apps.photos&reviewId=08b61dd3-410c-4f19-9678-5f89aff9374c,2026-05-26 08:21:29,,"Absolutely love this app! It's been many years now since I've had Google photos and love it more than ever. My favorite are the memories that pop up all the time taking me back to different years, different places, different events, different people, etc. I always look forward to seeing what pops up. I recently just learned I could buy more photo storage with a Google play card, so now I'm set.",,,,,
play_061b5252-639f-4ddd-bb2d-3d1a73bd0ff3,play_store,https://play.google.com/store/apps/details?id=com.google.android.apps.photos&reviewId=061b5252-639f-4ddd-bb2d-3d1a73bd0ff3,2026-06-10 12:10:52,,"You changed the photo editing format and buried all the useful tools deep inside and I can't tell you how annoying I find it . I used to be able to edit photos in seconds flat and now it takes me 5 times longer . For What ? Leave well enough alone . I have read multiple other peoples conversations on multiple platforms and you have frustrated millions of people, for what ? Why ? What have you achieved other than making it harder on users instead of easier .?? Please put it back how it was .TY",,,,,
play_5a9a52ef-c162-45af-a6b3-117be243611f,play_store,https://play.google.com/store/apps/details?id=com.google.android.apps.photos&reviewId=5a9a52ef-c162-45af-a6b3-117be243611f,2026-04-16 00:50:19,,"It's okay to store your photos, but there are a lot of issues. The Issues started for me when AI was added. What's ridiculous is.... it can't even follow the most simple instructions. Constantly it will State things like, ""I don't have the capabilities to do that."" Seriously!!!!!! You can't cut the dog out of a photo, to make her into a sticker?????? Then there's the ""Once Loved"" Editing Tools.. I used to be able to take a photo of a cat, and blur everything around the cat. Horrible!",,,,,
play_58c7e57c-afb6-46e9-9d21-f6edeee73174,play_store,https://play.google.com/store/apps/details?id=com.google.android.apps.photos&reviewId=58c7e57c-afb6-46e9-9d21-f6edeee73174,2026-04-01 07:30:41,,"Next time I'll get a phone under another name. I hate this app. Constantly trying to trick you into using their backup so they can charge you more. Search function sucks. They put Screenshots in random places, sometimes *even* in a Screenshots collection, sometimes not. Also, they will actually *REMOVE * photos from your device if you have backup turned on - found that out the hard way one day when I had no internet access, photos were gone from device. I'll look for another app. This is POS.",,,,,
play_4c3065ba-7660-4a99-80fd-7307a0d46b11,play_store,https://play.google.com/store/apps/details?id=com.google.android.apps.photos&reviewId=4c3065ba-7660-4a99-80fd-7307a0d46b11,2026-04-18 08:49:53,,I used to really like this app but things have gotten so confusing that it's nearly impossible to find pictures. I don't understand why sometimes pictures from the cloud show up and sometimes they don't. Why can I not see all my pictures in the main feed? Often I'll save a picture and it will be seemingly nowhere. Screenshots are the worst. The only features I can appreciate are sorting people by face and the AI search to find specific things (when it works).,,,,,
play_f80abfe5-d068-4d14-a2da-c71d106f57c3,play_store,https://play.google.com/store/apps/details?id=com.google.android.apps.photos&reviewId=f80abfe5-d068-4d14-a2da-c71d106f57c3,2026-06-14 04:40:38,,"UGH. Now every time I edit a photo, I can't access it from any apps for some time. Google, are you looking at all of these reviews? Things used to work well. Now I frequently can't find photos and your links to ""help"" aren't helpful. Basic functionality should be prioritized over bells and whistles. The editing is awful, Magic Eraser doesn't work, AI editing is terrible, etc.",,,,,
play_a22a237b-3ce7-461f-b9a3-c7384cbe71dd,play_store,https://play.google.com/store/apps/details?id=com.google.android.apps.photos&reviewId=a22a237b-3ce7-461f-b9a3-c7384cbe71dd,2026-05-16 04:31:45,,"Google has lost hundreds of my pictures over the years. Usually by recommending certain actions. The first time it happened was when Google photos suggested I try a secure folder. After I tried the feature & I went to open the secure folder... the pictures were not in there, and they were not in the trash... they were permanently deleted. Another thing they do is recommend freeing up space, but they don't tell you that they take your photos from your phone gallery and put them in the cloud.",,,,,
play_efd57ea0-8f07-476d-92ad-c1cb670293b1,play_store,https://play.google.com/store/apps/details?id=com.google.android.apps.photos&reviewId=efd57ea0-8f07-476d-92ad-c1cb670293b1,2026-06-03 20:03:17,,"I've generally enjoyed the photo app over the years, but recently I've had issues with photos syncing across devices, or even on my own device after making edits. For example, 20 minutes ago I simply rotated a photo 90° in the phone app. The file has not updated on my desktop computer, and the image no longer shows up when I try and access it from any outside program like Instagram or Teams. In the photos app though it looks correct and is telling me that it has synced.",,,,,
play_fac36b13-cb88-4c52-b7e4-ddfa7d73025b,play_store,https://play.google.com/store/apps/details?id=com.google.android.apps.photos&reviewId=fac36b13-cb88-4c52-b7e4-ddfa7d73025b,2026-04-21 01:48:57,,"Good for photo storage and searching, but it sends too many memories/themed notifications each day and there isn't an option to fine-tune this other than to disable them. I like the occasional one to look back on but the current rate is pestering. Similarly, there's a pop-up (I think about AI editing of something? I dismiss it because I want to 👏 look 👏 at 👏 my 👏 photos when I open the app) that holds up using the app for what it's for. it's gotten pretty irritating to use.",,,,,
play_90c87c00-d987-42d4-bfae-3ae59193a016,play_store,https://play.google.com/store/apps/details?id=com.google.android.apps.photos&reviewId=90c87c00-d987-42d4-bfae-3ae59193a016,2026-05-08 16:00:20,,"update: it's been months and no fix has happened. Completely unacceptable for a paid service from a tech giant. Fix this or make storage free! Shared albums won't sync! Now when others I've shared albums with try to upload photos, I can't see them on my end, online or on the phone. This was the only workaround sharing photos across device types for years and now it's useless. What's the point?!",,,,,
play_fcd4d50f-74ea-45c3-85af-841daebe64e2,play_store,https://play.google.com/store/apps/details?id=com.google.android.apps.photos&reviewId=fcd4d50f-74ea-45c3-85af-841daebe64e2,2026-07-16 00:52:45,,"App is fine other than the fact it is impossible to disable automatic playback of motion photos. This means if you swipe through your photos, nearly every single one shakes for half a second and then changes color. It is extremely disorienting, and I can't imagine a single scenario in which this is useful instead of annoying. Motion photos themselves can be useful, but the way this app displays them is aggravating.",,,,,
play_ef6e7070-0fc2-4540-8973-5f95628cba9d,play_store,https://play.google.com/store/apps/details?id=com.google.android.apps.photos&reviewId=ef6e7070-0fc2-4540-8973-5f95628cba9d,2026-06-04 12:41:46,,"Worst gallery I have used and seen. You don't want your photos online? No problem, you can't make your own album or edit. You are forced to upload. I know there is an alternate Gallery, but you can't access it as the default gallery app from within the camera. I'll never buy another Pixel phone again. I really hate my phone and barely have it long enough.Another blow to choice and joy.",,,,,
play_ff7560bf-8475-45a9-8ccb-7566ffffa79c,play_store,https://play.google.com/store/apps/details?id=com.google.android.apps.photos&reviewId=ff7560bf-8475-45a9-8ccb-7566ffffa79c,2026-04-01 08:22:16,,"This is the worst photo app I've ever used. Instead of having a list of galleries, it creates ""collections"" which require extra clicks to get to where you need to be. On top of that, in some apps there's not always an option to speed scroll so I have to spend minutes slowly scrolling through thousands of pics. Why is such a basic feature not available in all instances? If I had a choice, I wouldn't use it at all, but I'm forced to use it to send photos and videos through messages and some apps.",,,,,
play_ca1f8577-8578-44de-bd43-1ab1145c26d0,play_store,https://play.google.com/store/apps/details?id=com.google.android.apps.photos&reviewId=ca1f8577-8578-44de-bd43-1ab1145c26d0,2026-07-09 12:12:19,,Enshitification in progress. Recent updates have made it so you constantly see a banner at the top of the app if you don't allow Photos to send you notifications. Another similar banner keeps popping up if you haven't identified your face in the app. Neither of these things are needed for an app to store and organize my photos. Please stop making the app worse!,,,,,
play_5929a4ef-3201-4a7a-9ab5-8081bf8fdeac,play_store,https://play.google.com/store/apps/details?id=com.google.android.apps.photos&reviewId=5929a4ef-3201-4a7a-9ab5-8081bf8fdeac,2026-06-21 20:34:00,,"I have multiple folders in my gallery. The app doesn't give me the choice of what folder I want. When doing photo to video, I try to scroll down, but the app keeps switching between different folders randomly, and there's no way to stop it. Also, every picture I choose gets to about 45%, then stops. No explanation. Out of 30 or 40 pictures I tried, only 3 were turned into videos. Honestly, this sucks. I would uninstall this if it let me, but it won't.",,,,,
play_a24bf0d7-b924-41fb-af96-71c15dd1ce55,play_store,https://play.google.com/store/apps/details?id=com.google.android.apps.photos&reviewId=a24bf0d7-b924-41fb-af96-71c15dd1ce55,2026-04-11 21:31:57,,"The crop tool glitches if you use the auto crop and then try to adjust it. You can't crop from one side at a time, only from a corner. When you hold your finger to see the original, it shows you the pre-cropped version. You can't enhance and then see what was changed to adjust it. And you have to save a copy. These updates went the wrong direction. The only thing that's better is you can search for your albums as you're adding to them.",,,,,
play_8d1c6bd7-63c9-43e3-a340-f12e4324a68e,play_store,https://play.google.com/store/apps/details?id=com.google.android.apps.photos&reviewId=8d1c6bd7-63c9-43e3-a340-f12e4324a68e,2026-06-02 10:19:09,,"Just like all the other apps that started out great then they want to charge you. Can't get rid of duplicates easy. one time the app took a close up of every single face on every single photo I had ever stored and saved them as new photos. Including ones I was in process of editing, including memes, including screenshots of chats or whatever face happened to be in the picture the app blew it up. Nightmare.",,,,,
play_7a28e86f-7fe9-484c-b4be-f9010ce784c0,play_store,https://play.google.com/store/apps/details?id=com.google.android.apps.photos&reviewId=7a28e86f-7fe9-484c-b4be-f9010ce784c0,2026-06-20 01:12:40,,"I used to be able to search for memes and find them. Now when I search for the same things I have been, I am being told ""nothing found"". I don't always have time to put the pictures in their folders. Since switching phones all my photos got all mixed up and I can't find anything anymore! I liked the Samsung gallery better. I have even tried downloading photo sorting apps to help and paid apps but still the Google photos stays a mess. I have even tried to adjust settings to auto update folders!",,,,,
play_34fc2d59-942f-458f-9936-e171c458338d,play_store,https://play.google.com/store/apps/details?id=com.google.android.apps.photos&reviewId=34fc2d59-942f-458f-9936-e171c458338d,2026-05-02 07:30:10,,"🤬 Omg, STOP adding new features and STOP reorganizing the photo editing buttons! Previous versions were easier and now more difficult to find what I'm looking for. Also, where are the crop features that allow me to adjust individual corners and rotate by degree? bring those back please. STOP UPDATING it!!! If the app was good, don't fix what isn't broken. Seriously. Update: I needed the actual coordinates of my photos, not to open it in GMaps and go to a street address!!!",,,,,
play_42f2ec94-4074-4038-b3cb-fbe587fefb03,play_store,https://play.google.com/store/apps/details?id=com.google.android.apps.photos&reviewId=42f2ec94-4074-4038-b3cb-fbe587fefb03,2026-06-06 12:02:00,,"I like this app, but I can't change file names and I have been experiencing glitches with typed descriptions as a whole. Update 6/6/26- Some of my pictures haven't been showing up in my library, even though they are backed up and show up in my albums and other places in the app. This seems to happen when I have backup turned on, but when it's off, the pictures show up, like they normally should.",,,,,
play_7a1c4008-b04f-441d-b488-d1d6fb4203aa,play_store,https://play.google.com/store/apps/details?id=com.google.android.apps.photos&reviewId=7a1c4008-b04f-441d-b488-d1d6fb4203aa,2026-04-20 18:39:53,,"Up and down, finally a bit more stable. Some things are great, but base functionality of a photo gallery can be buggy. A lot of new features, but at its core, I just want a place for my photos be live, be accessible, searchable, and stable. The other features are nice, when the base is covered. At least I can get my photo information again - a couple years ago they really borked this app.",,,,,
play_eed55f07-d0ed-45f8-8f39-c5c418bceaaf,play_store,https://play.google.com/store/apps/details?id=com.google.android.apps.photos&reviewId=eed55f07-d0ed-45f8-8f39-c5c418bceaaf,2026-06-07 12:34:09,,"It wasn't a great experience to share. All my photos were gone! Nowhere to be found! Used Google Takeout only finding around 16 and continued to go on and on, using zip files I guess. Files not supported or file resized! Over 200 pictures were lost! Later I found out if a picture isn't backed up before archiving it's gone! How special!! Thanks Google for yet another error proof improvement!",,,,,
play_c9cc319d-ca28-4028-8ae6-ff8436878ede,play_store,https://play.google.com/store/apps/details?id=com.google.android.apps.photos&reviewId=c9cc319d-ca28-4028-8ae6-ff8436878ede,2026-05-16 05:22:59,,More AI enshittification to an otherwise decent photo app. Slow. Unresponsive. Features I couldn't care less about. I literally care about two things: backup and adding photos to multiple albums. Backup works fine. Adding photos to multiple albums at once? A mess. I keep thinking it can't get any worse and I'm constantly proven wrong.,,,,,
play_a07e7486-afbc-42ac-a048-1e6c7178ed2b,play_store,https://play.google.com/store/apps/details?id=com.google.android.apps.photos&reviewId=a07e7486-afbc-42ac-a048-1e6c7178ed2b,2026-05-22 12:33:01,,"Google's One UI is the way to go when it comes to a mobile phone interface 10/10! Really, the biggest headache-of-a-quirk (lasting mere seconds) that I've noticed on Google Photos, (especially during multitasking) is that when deleting a photo, the option to undo it sits in the way blocking other photo options 😂 Other than that, it just about works perfect!",,,,,
play_715a75dd-1f9a-42ce-8c08-8e3c60c4adeb,play_store,https://play.google.com/store/apps/details?id=com.google.android.apps.photos&reviewId=715a75dd-1f9a-42ce-8c08-8e3c60c4adeb,2026-05-10 20:24:30,,"This is normally one of my best apps. I've used it to edit countless pictures, some of which were my own AI-generated works that needed considerable corrections at times. Since the latest update, certain options in Photoshop are no longer there - Color Saturation, Skin Tone & Blue Tone were values I adjusted in just about every picture in my library.",,,,,
play_a80d0a17-5402-4871-99ca-d9a167512f70,play_store,https://play.google.com/store/apps/details?id=com.google.android.apps.photos&reviewId=a80d0a17-5402-4871-99ca-d9a167512f70,2026-04-23 14:09:40,,"Google lost many of my photos. At first I thought it was just all new albums, which are lists of photos, no big deal. Upon exiting China, my Pixel phone's Photos app sync was unblocked and it proceeded to""back up."" The sync deleted some of my most important new photos. 😩 I found some in the web version but most are unrecovered.",,,,,
play_e8d6435a-49b0-4ebb-acfd-793776e7d7de,play_store,https://play.google.com/store/apps/details?id=com.google.android.apps.photos&reviewId=e8d6435a-49b0-4ebb-acfd-793776e7d7de,2026-05-14 01:14:20,,If you have Android it is basically your only choice for a photo picture storage app. It is good with lots of features and you can categorize all your photos. The bad. The GPS location for the photo can be very wrong. Most of my photos taken have the gps locations far from where the photo was taken. That is a major issue that should be fixed.,,,,,
play_008047c7-e194-4ad3-a6fe-2b218eb7cffb,play_store,https://play.google.com/store/apps/details?id=com.google.android.apps.photos&reviewId=008047c7-e194-4ad3-a6fe-2b218eb7cffb,2026-05-19 22:37:09,,"Again, this latest ""update"" has made things worse - the Magic Eraser tool doesn't work at all, AGAIN. I go through the process to erase things in my picture, and while I'm actively in that mode, it looks like it's (mostly) working. But when I click the check mark to indicate I'm done, to then save the edited picture, it reverts back to the original and ALL my erasing is undone! Still asks if I'd like to save it as a copy. Feature doesn't work anymore!! FIX IT!",,,,,
play_b59d68cb-b503-4067-8f46-9ad23ea281a1,play_store,https://play.google.com/store/apps/details?id=com.google.android.apps.photos&reviewId=b59d68cb-b503-4067-8f46-9ad23ea281a1,2026-05-19 17:45:08,,"I love this app. Probably the most useful app I own, honestly. I wish I could pin a widget of a specific folder though. I have a folder of my travels with my girlfriend, and it would make the perfect widget, but instead you have to pick from individual people, or memories. Those are the options, and there should be more.",,,,,
play_79f77b02-fa0f-449e-a125-c551ca8a0d97,play_store,https://play.google.com/store/apps/details?id=com.google.android.apps.photos&reviewId=79f77b02-fa0f-449e-a125-c551ca8a0d97,2026-04-27 02:42:22,,"I've enjoyed using this app for all my photos for the past couple years, however a few issues I've been having is that some photos in albums won't load or be in order. Also photospheres are not working, which is a real shame because I've been getting into doing those lately. Other than that, love using Google Photos, I hope to see the problems fixed.",,,,,
play_bd45eb8b-300b-48ac-b82f-1036306578f1,play_store,https://play.google.com/store/apps/details?id=com.google.android.apps.photos&reviewId=bd45eb8b-300b-48ac-b82f-1036306578f1,2026-04-18 02:53:23,,"Not a secure place to store pics even when paying for space seeing as one can easily lose complete access to their Google Account. This is how easy: - working on a laptop - need to approve account changes on phone - accidentally click NO on phone - lose access on laptop (good) - lose access on phone (WHY?!!!) No 'Try another way' option. No 'Start Appeal' option. No recovery options whatsoever! and Google cannot escalate. wow. Reason? We noticed unusual activity, that's all! Beware!!",,,,,
play_5c8eeda8-addc-4c81-86ff-54e4977dd025,play_store,https://play.google.com/store/apps/details?id=com.google.android.apps.photos&reviewId=5c8eeda8-addc-4c81-86ff-54e4977dd025,2026-05-12 05:41:43,,"Up until the recent update, I'd give it a 4-5. I really hate the new ""improved"" look. I already know what my albums cover picture is, I don't need to see it when I open my album. Also, the blurred task bar at the bottom as well as the small search bar at the top, are just distracting and add nothing to the functionality of the camera roll.",,,,,
play_a007a6d5-7d0c-49a6-93e6-413482627bfb,play_store,https://play.google.com/store/apps/details?id=com.google.android.apps.photos&reviewId=a007a6d5-7d0c-49a6-93e6-413482627bfb,2026-04-07 03:19:34,,"I hate the new July 2025 update! senseless & useless! the 2021 version was the BEST ever. Hard for me to navigate*, though I've come across photos from 20 years ago I never realized that I'd saved to Google photos - so I appreciate greatly that I did something right. I don't intend to stop using Google photos, but to learn how to use all of its aspects & tools effectively. *Edit: It's gotten a lot easier for me to navigate.",,,,,
play_f67ea0be-c283-47cc-8c7a-c27f7b421974,play_store,https://play.google.com/store/apps/details?id=com.google.android.apps.photos&reviewId=f67ea0be-c283-47cc-8c7a-c27f7b421974,2026-04-23 07:15:55,,"terrible photos app. takes photos organized in albums and puts them into random collections and is missing 5 years of items which can be found with a search but dont show up anywhere and you cant seem to change the ""collections"". its a giant pain when you have 19000 items in the gallery. i regret getting a pixel phone entirely due to this app and the lack of customer service",,,,,
play_659f546b-db1a-448c-b076-715cd8dcdcf2,play_store,https://play.google.com/store/apps/details?id=com.google.android.apps.photos&reviewId=659f546b-db1a-448c-b076-715cd8dcdcf2,2026-05-15 20:49:25,,"It keeps saying I'm not connected to the internet when trying to download videos from Google Photos to share. It won't complete uploads at all. I've restarted my phone, cleared the cache multiple times and it's just awful. It continues to do this even though the app is updated. If it finally downloads a video compilation it ends up saying creating the video failed. It's pretty much useless for sharing.",,,,,
play_37620807-db4d-4233-98d4-4f1b198d9800,play_store,https://play.google.com/store/apps/details?id=com.google.android.apps.photos&reviewId=37620807-db4d-4233-98d4-4f1b198d9800,2026-04-11 14:16:36,,"The app is stuck in an update loop on my Chromebook. It keeps asking me to update the app for new features, and when I do, I get the same popup that prevents me from accessing Google Photos. I have tried uninstalling and reinstalling, restarting the Chromebook, and clearing the cache. Nothing works. Supper bad that a Google product on a Google device won't work.",,,,,
play_e908d069-d44e-4860-bf3f-5f739a04b29a,play_store,https://play.google.com/store/apps/details?id=com.google.android.apps.photos&reviewId=e908d069-d44e-4860-bf3f-5f739a04b29a,2026-09-09 12:22:30,,"have to punch threw several options, files, folders, just to see the picture/video that I just took. Plus after several attempts and additional time spent trying to disable the ""don't miss out, update and backup all your personal photos to China"" prompt from appearing and interfering every time opening the app, is ineffective. which incurs additional waste of time attempting to navigate the app.",,,,,
play_bbdfc7a1-63cb-4553-9b5d-f3c5be6663ba,play_store,https://play.google.com/store/apps/details?id=com.google.android.apps.photos&reviewId=bbdfc7a1-63cb-4553-9b5d-f3c5be6663ba,2026-04-29 03:47:29,,"AI search is slower, less accurate, and more presumptuous than the version we had before. When AI search first came out, we even had a choice between the two, no longer. It's forced AI that interests the companies' surveillance more than the customers' choice, and I'll be switching to another storage provider as soon as possible. For work, I'd look up ""maps"" to pull up maps of locations I service, but the AI assumes I want Google Maps or ""map view"" and takes over my phone's control to switch.",,,,,
play_3a547f21-7da5-44fd-86a7-ff2b7307395c,play_store,https://play.google.com/store/apps/details?id=com.google.android.apps.photos&reviewId=3a547f21-7da5-44fd-86a7-ff2b7307395c,2026-07-24 02:51:09,,"It used to be easy to search through photos, but ever since the update? I can no longer find things with search even if I am typing exactly what I wrote for a description. It's become way more difficult to use and looks very chaotic for absolutely no reason. While some people may like the new layout, I hate it since there's no space between months so it's hard to separate the timeline, the photos are unevenly organized depending on the size, etc. Please bring back an option for the old format.",,,,,
play_baf77d6d-1cc7-4074-93e4-f41689086d3b,play_store,https://play.google.com/store/apps/details?id=com.google.android.apps.photos&reviewId=baf77d6d-1cc7-4074-93e4-f41689086d3b,2026-07-14 20:42:08,,the new update sucks ..made it harder to use. can't find photos quickly and can't organize and sort by day. actually would give 0 stars if I could. had to uninstall and go back to older version and now every time I open the app it has a popup that says I'm missing something good and to update now. can we please have a choice to get rid of the update notification permanently!!! the no thanks not now doesn't cut it!!!!,,,,,
play_b05c4d1d-76ca-4860-af59-f762ff2b24fb,play_store,https://play.google.com/store/apps/details?id=com.google.android.apps.photos&reviewId=b05c4d1d-76ca-4860-af59-f762ff2b24fb,2026-07-29 02:28:53,,"Since newest update, when you select a photo, and try to wend it to messages, the app just clicks yo the picture and you get an error message saying ""there is a bug issue. please make sure you have downloaded the newest version "". I literally have the newest version??? it works on all other messaging apps, except Google messages...weird. and yes I have everything set to share...",,,,,
play_7e386df8-e8c9-46b9-ada6-5142ea974d2c,play_store,https://play.google.com/store/apps/details?id=com.google.android.apps.photos&reviewId=7e386df8-e8c9-46b9-ada6-5142ea974d2c,2026-04-12 12:19:18,,"My system text is set to a certain size because my vision is failing. I open this app and the text and photos are so small all of a sudden, I can't see anything. No option to adjust this, making this app useless for me. Going to find somone who knows more about apps and transfer all of my photos to a new service. Google is ruining everything it touches. first Chrome, now photos, soon simple text messages. When will it end?",,,,,
play_f1490e97-0db3-4f10-82c9-d500154fbcc8,play_store,https://play.google.com/store/apps/details?id=com.google.android.apps.photos&reviewId=f1490e97-0db3-4f10-82c9-d500154fbcc8,2026-03-31 19:05:07,,My go-to when it comes to photo storage and the search engine has gotten so much better. Sorting albums is definitely better but would still benefit from more methods of sorting them. When you have hundreds of albums it becomes harder to catalog or group them by category. Still it's a great tool and the Ai is definitely a remarkable tool for finding specific photos!,,,,,
play_2c62896e-ff90-4edd-a9b3-f29263f32020,play_store,https://play.google.com/store/apps/details?id=com.google.android.apps.photos&reviewId=2c62896e-ff90-4edd-a9b3-f29263f32020,2026-03-29 00:21:35,,"Why do images display on a white background? Makes them harder to see. The app really struggles with images, zooming and panning and gestures. It's impossible to find the gallery of photos I'm tagged in that my friend sent without the URL. Shouldn't I be able to find this easily in the app or bookmark it somehow? It's simply not there. You can't even change the sort order on photos within an album. Too many unlabelled hieroglyphics buttons, I don't know what a cloud with an arrow means.",,,,,
play_adf4ac52-5de3-45ff-ab46-d3eef62bd4f6,play_store,https://play.google.com/store/apps/details?id=com.google.android.apps.photos&reviewId=adf4ac52-5de3-45ff-ab46-d3eef62bd4f6,2026-07-27 08:11:29,,"A great and reliable way to keep access to your favorite photos so long as you have access to your Google Account! I've used it to print off pictures that I turn into posters at the library, used it to show others my great pictures, and even used it to keep those special pictures when my phone broke on many occasions. Again, so long as you can still get into your Google Account, it's reliable!",,,,,
play_1444bce0-9b7f-4e5b-a61f-8f55ebfe3c20,play_store,https://play.google.com/store/apps/details?id=com.google.android.apps.photos&reviewId=1444bce0-9b7f-4e5b-a61f-8f55ebfe3c20,2026-07-15 13:10:25,,"I like how my card had to be replaced, So i had to rebuy a subscription, and instead of charging me the 2.99 for 5TB a month, a plan i had for almost a year, they will now be charging 9.99 after three months with the same plan. Just waiting for any inconvenience to charge us more money! Ontop of this there is no way to cancel mistakes because i made three purchases within three minutes on the other plans thinking they were TB when in fact they were GB, because i couldnt back up any photos.",,,,,
play_3b146f7c-ca03-48a7-b8a4-76f4674aeaa7,play_store,https://play.google.com/store/apps/details?id=com.google.android.apps.photos&reviewId=3b146f7c-ca03-48a7-b8a4-76f4674aeaa7,2020-07-22 21:11:11,,"Updated review: The new version fixes the album sorting problem and I'm absolutely loving it. Thank you Google! Another function I wish they had was the ability to delete photos within an album, instead of deleting it from the pile. Previous review: The app is good except for the absence of a basic functionality of album sorting. My photos are all over the place. It's frustrating. I wish I could sort by name or by album rather than the default setting of sort by date. Hope Google fixes this.",,,,,
play_f5c979e5-635f-43d8-8b75-d08326a57b3a,play_store,https://play.google.com/store/apps/details?id=com.google.android.apps.photos&reviewId=f5c979e5-635f-43d8-8b75-d08326a57b3a,2023-03-08 18:42:54,,"Reading the reviews disappointed me. This app is amazing!! The search bar, I've learned you just can't search derogative language and it literally will find anything for you. It saves your significant people. You can add people if they're not recognized. I love the map !!! With traveling, it's easier to search the map. Editing photos is easy. If you have premium the other features are great as well. It's not perfect, but I myself can't point out any flaws.",,,,,
play_777871b0-6538-4c47-8ad0-c043b22df426,play_store,https://play.google.com/store/apps/details?id=com.google.android.apps.photos&reviewId=777871b0-6538-4c47-8ad0-c043b22df426,2018-12-17 22:40:28,,"The app is great for backing up photos from different devices and having them in one central location. Still needs a lot of work though. Not being able to organize photos is annoying, and not being able to sort photos via name, date, size and etc can make finding photos very time consuming. The search feature is nice, but rarely finds what I'm looking for. A ""recently uploaded"" feature would most certainly be nice as well. It's very irritating uploading photos from a PC and having to scroll for hours on my phone to find the photos (because the search feature is almost useless). Also, please! I repeat, please! Change the ""free up space feature""! Nothing aggravates me more than hitting a wrong button and deleting all the photos off my device. No permissions (like are you sure you want to do this? And explanation of what it does). No way to stop it. Just stare at your screen in horror as your photos get deleted off your phone with no way to stop it. Scramble to force close the app, but too late! Gone! Back to the abyss of Google photos to try to find your photos. Decent app, but for how long it's been out and how few features it contains, it feels as if it should still be in beta testing mode. Definitely not photographer friendly.",,,,,
play_d44b57f6-1ffd-4c71-aa6f-f7b8acce65c9,play_store,https://play.google.com/store/apps/details?id=com.google.android.apps.photos&reviewId=d44b57f6-1ffd-4c71-aa6f-f7b8acce65c9,2026-07-24 00:28:52,,"Tying ability to send and receive emails in Gmail to how many photos you have on your device is seriously rude. I don't really care about backing up every photo I take or download, and getting emailed constantly that the apps I depend on won't work unless I give google more money each month isn't worth it. Also there's some sticker ""feature"" that adds obnoxious animations to every photo and can't be turned off. Use 1Gallery instead.",,,,,
play_384c62b0-e23d-4e01-944e-b71341dfbdab,play_store,https://play.google.com/store/apps/details?id=com.google.android.apps.photos&reviewId=384c62b0-e23d-4e01-944e-b71341dfbdab,2024-10-01 04:34:12,,"The newly updated interface is much better than what it was before — particularly the Collections area. Albums should be labeled as 'On the cloud'. Allow us to customize the view in Collections. I'd rather have Documents & Places in the list below as well as Trash. For Photos area, allow us to view by either date or last added. Every time I dump photos taken from years ago, they don't all show as most recent. Many are placed by date which can be impossible to find if you wanted to categorize.",,,,,
play_112ea88f-fb1d-41e0-a39b-92d912abdf3f,play_store,https://play.google.com/store/apps/details?id=com.google.android.apps.photos&reviewId=112ea88f-fb1d-41e0-a39b-92d912abdf3f,2024-08-09 00:37:59,,"Without a premium version, I've never been able to organize my photos, GIFs, or really do much with the way they're presented, to my liking. It's been this way for over a decade. I had to go to a 3rd Party app, and that one blew Google Photos out of the water, so to speak. Google Photos is too simplistic for my orgdnizational taste, and lacking of alot of organizational options. Until that changes, I won't be using Google Photos.",,,,,
play_d70dfd46-2035-4fa8-8c9f-eaec5971eab5,play_store,https://play.google.com/store/apps/details?id=com.google.android.apps.photos&reviewId=d70dfd46-2035-4fa8-8c9f-eaec5971eab5,2024-07-15 21:50:59,,"At first this app annoyed me, I didn't like that it listed all of my photos it what seemed like a cluttered way. But it's actually amazing. All of my photos from 2006 forward are on here, plus I can easily search by face, date, location, subject matter, color - anything! And it's easy to make albums to keep things organized the way I want. When I change phones, everything automatically comes with.",,,,,
play_97389d9e-1a92-4662-9d59-bac5cdafba57,play_store,https://play.google.com/store/apps/details?id=com.google.android.apps.photos&reviewId=97389d9e-1a92-4662-9d59-bac5cdafba57,2024-10-13 01:49:57,,"It just randomly uploads, but most of the time it wont. I have it turned on to backup using wifi and unlimited data, both signals are strong. Unrestricted battery use is turned on for this app, battery saving mode is turned off on the device. All folders are checked. Some of these are just photos it isnt even backing up ffs. I am at a loss and have been for two or three months now.",,,,,
play_4aa7ec7d-8784-4cc5-b189-18722ab3a8b0,play_store,https://play.google.com/store/apps/details?id=com.google.android.apps.photos&reviewId=4aa7ec7d-8784-4cc5-b189-18722ab3a8b0,2021-08-02 20:50:17,,"Great app! I don't have to worry about my photos taking up all my storage, but I have them wherever I go! It recognizes your friends, but doesn't let you tag them in the photos it doesn't recognize them in, and it should let you tag pictures to help you search for them later. Also, I really hate that it saves all of my screenshots. Please update so this is not the case!",,,,,
play_dc98bcbd-8b10-478b-b476-ca6213cfe33b,play_store,https://play.google.com/store/apps/details?id=com.google.android.apps.photos&reviewId=dc98bcbd-8b10-478b-b476-ca6213cfe33b,2023-04-02 08:25:06,,"Great app! Best place to store photos since Photobucket! The only cruddy part is if your account gets hacked, they have access to your old photos & videos. Also, since I forgot my password on a few accounts & don't have the same numbers anymore, I lost a lot of memories.): I wouldn't mind, but the pictures of my babies... Gone forever. I don't see how with all this ai technology, they can't just compare your photos and info to help you regain access. I make a new account with every new phone...",,,,,
play_683213cd-dae2-47a8-9e6e-13db36c24810,play_store,https://play.google.com/store/apps/details?id=com.google.android.apps.photos&reviewId=683213cd-dae2-47a8-9e6e-13db36c24810,2020-08-19 10:52:38,,"The update is horrible. I can't refresh it, and half of my photos are there. sometimes it switches back to the old way, and I can do everything and have all of my picture, and other times it's the new one. I keep getting so frustrated with how it is working now. I need some of these photos and can't see half then and there is nowhere or no way to find or get to them. The phone I have doesn't have its own photo app, so I can't even switch back to anything. I would give 5 stars to the old updates.",,,,,
play_32c4d35a-c6ab-4a33-acf8-5feac789f403,play_store,https://play.google.com/store/apps/details?id=com.google.android.apps.photos&reviewId=32c4d35a-c6ab-4a33-acf8-5feac789f403,2024-11-05 23:06:09,,"You can't delete photos other than one by one. They lock the account when it's full and turn backup on as default. Pay up for storage or their our photos now. Either way, you can't get them off the cloud without several days of work or a command line utility. Yeah. Google dropped the don't be evil slogan and won't comment. Think about that for a second.",,,,,
play_d70e6685-c64a-441f-a25a-1e2254bbca07,play_store,https://play.google.com/store/apps/details?id=com.google.android.apps.photos&reviewId=d70e6685-c64a-441f-a25a-1e2254bbca07,2021-12-17 20:22:08,,"I hate this app. I can never find a photo Im' looking for unless I scroll through multiple categories. Why can't everything be in one place so you don't have to search through the ""library"" of categories. It automatically places them in a certain spot without giving you a choice. AWFUL. I get so frustrated when I want to pull up a photo on my phone to show someone and them it takes me 5 minutes to find it.",,,,,
play_9b8166ab-b8ef-457d-a0af-5aafa4944d86,play_store,https://play.google.com/store/apps/details?id=com.google.android.apps.photos&reviewId=9b8166ab-b8ef-457d-a0af-5aafa4944d86,2019-07-11 09:55:48,,"I love this app! Very easy to use, love the added suggestions it has for albums, panos, movies, animations, and more! I don't know how long it's been around but I can't believe I just got it a last year. It makes life so much easier when you want to save photos and videos but you don't want to burn up space on your phone! In the past I had to manually back them up, this does it for me automatically! Some people worry about photos in the cloud. I'm very cautious, but not tin-foil hat paranoid!",,,,,
play_22c9d7a2-4652-4544-b575-c89878a280c6,play_store,https://play.google.com/store/apps/details?id=com.google.android.apps.photos&reviewId=22c9d7a2-4652-4544-b575-c89878a280c6,2019-01-04 17:52:39,,"The photos often fail to save with their edits. in the last year, I've spent hours editing photos that for some reason dont save. This is a long term glitch that should have been solved ages ago. Sometimes when I go to edit them again, then they show the edits that I made but if I try to save or share them, they loose the edits again. Bc their minimized in edit view, I can't even screenshot it in high quality! Thus it is impossible to use editted photos. Thinking to cancel my drive subscription.",,,,,
play_3f84aa3f-45e5-4908-9c37-e3a2354542f0,play_store,https://play.google.com/store/apps/details?id=com.google.android.apps.photos&reviewId=3f84aa3f-45e5-4908-9c37-e3a2354542f0,2019-02-07 19:52:01,,"Great app, but has a few caveats: 1 - There are too many notifications. Probably at least one every day. I don't want to turn them off - but it would be nice to be able to dial it down a bit. 2 - Inability to create gifs manually. Assistant does it for you and notifies you later. This also applies to the web app accessed via a web browser on a laptop/desktop.",,,,,
play_2f5b8956-31ad-4852-bc08-0d6c671c2282,play_store,https://play.google.com/store/apps/details?id=com.google.android.apps.photos&reviewId=2f5b8956-31ad-4852-bc08-0d6c671c2282,2020-08-02 14:19:34,,"This is one time I will skip the update/app just for the pleasure of denying them a little more data. If only for a while. Okay, even worse, it wants to keep track of and archive every little cute pic of whatever I want to just attach to an mms to my wife that is meant to make her smile or tell her in a different way how much I love her. No! Don't do that! Now I want a half a star or no stars, and not just for a little while but until this""feature"" is removed or made optional!",,,,,
play_180ad519-0b9f-44ae-95e3-dd0ef313ec46,play_store,https://play.google.com/store/apps/details?id=com.google.android.apps.photos&reviewId=180ad519-0b9f-44ae-95e3-dd0ef313ec46,2019-01-07 15:16:00,,"Face tagging is absolute garbage. Manual tagging is a must and Google does not provide this. It did recognize me, but only a few photos were added. I could not tell it that other photos were of me too. Same story with friends, pets, you name it. Albums aren't in alphabetical order either (which may not bother some people but there should at least be an option to put them in alphabetical order). I do not recommend this app to anyone.",,,,,
play_797e9da0-e6c1-4d81-8129-6fa5a0b2b024,play_store,https://play.google.com/store/apps/details?id=com.google.android.apps.photos&reviewId=797e9da0-e6c1-4d81-8129-6fa5a0b2b024,2019-02-06 18:49:32,,"does ""photos"" take photos or store/edit them? the camera takes good photos. The photos app stores them well (but it can be a little counterintuitive finding photos). what more can i say? whichever one it is, the editing tools are standard and a bit limited. i have no idea if i can buy more tools, but I have no intention of spending money on something that should be included.",,,,,
play_9f6220ae-ca49-4307-9489-8678cdd15031,play_store,https://play.google.com/store/apps/details?id=com.google.android.apps.photos&reviewId=9f6220ae-ca49-4307-9489-8678cdd15031,2024-08-13 11:40:15,,"Great right up until Google Software Engineering removed the Library option from the bottom of the app and left us with ""collections"" Now instead of instantly being able to access your folders, you have to navigate through ""Collections"" then ""on this device"" Only then do you have access to your folders, putting unnecessary layers of file structure ahead of the original file structure. Collections, albums, and folders should all be one in the same, with one name. Frustrating to say the least.",,,,,
